{"cameraMode":{"drawMode":0,"name":"Shaded","section":"Shading Mode"},"sceneLighting":true,"audioPlay":false,"sceneViewState":{"m_AlwaysRefresh":false,"showFog":true,"showSkybox":true,"showFlares":true,"showImageEffects":true,"showParticleSystems":true,"showVisualEffectGraphs":true,"m_FxEnabled":true},"in2DMode":false,"pivot":{"x":2.7156195640563967,"y":-1.0313234329223633,"z":1.601182222366333},"rotation":{"x":0.17940855026245118,"y":0.5767355561256409,"z":-0.13163518905639649,"w":0.7860425114631653},"size":6.651583671569824,"orthographic":false}